ai_analyses	id
ai_analyses	userId
ai_analyses	profileSummary
ai_analyses	strengthKeywords
ai_analyses	opportunityKeywords
ai_analyses	compatibilityVector
ai_analyses	modelUsed
ai_analyses	tokensUsed
ai_analyses	generatedAt
ai_analyses	expiresAt
ai_match_suggestions	id
ai_match_suggestions	owner_id
ai_match_suggestions	contact_a_id
ai_match_suggestions	contact_b_id
ai_match_suggestions	pair_low_contact_id
ai_match_suggestions	pair_high_contact_id
ai_match_suggestions	match_score
ai_match_suggestions	match_type
ai_match_suggestions	matched_assets
ai_match_suggestions	matched_needs
ai_match_suggestions	reason_text
ai_match_suggestions	status
ai_match_suggestions	notified_at
ai_match_suggestions	viewed_at
ai_match_suggestions	accepted_at
ai_match_suggestions	dismissed_at
ai_match_suggestions	created_at
ai_match_suggestions	updated_at
audit_logs	id
audit_logs	userId
audit_logs	action
audit_logs	resource
audit_logs	resourceId
audit_logs	details
audit_logs	ipAddress
audit_logs	userAgent
audit_logs	status
audit_logs	riskLevel
audit_logs	createdAt
connections	id
connections	requesterId
connections	recipientId
connections	matchId
connections	status
connections	message
connections	requesterNote
connections	respondedAt
connections	createdAt
connections	updatedAt
consents	id
consents	userId
consents	documentVersionId
consents	grantedAt
consents	revokedAt
consents	ipAddress
consents	userAgent
consents	activeKey
contact_assets	id
contact_assets	owner_id
contact_assets	contact_id
contact_assets	tag_slug
contact_assets	tag_label
contact_assets	category
contact_assets	description
contact_assets	created_at
contact_assets	updated_at
contact_contexts	id
contact_contexts	owner_id
contact_contexts	contact_id
contact_contexts	context_id
contact_contexts	event_date
contact_contexts	city
contact_contexts	country
contact_contexts	notes
contact_contexts	relationship_type
contact_contexts	visibility
contact_contexts	created_at
contact_contexts	updated_at
contact_needs	id
contact_needs	owner_id
contact_needs	contact_id
contact_needs	tag_slug
contact_needs	tag_label
contact_needs	category
contact_needs	description
contact_needs	created_at
contact_needs	updated_at
contexts	id
contexts	owner_id
contexts	context_type_id
contexts	name
contexts	description
contexts	event_date
contexts	city
contexts	country
contexts	notes
contexts	is_custom
contexts	visibility
contexts	created_at
contexts	updated_at
context_media	id
context_media	owner_id
context_media	context_id
context_media	storage_path
context_media	file_type
context_media	file_size
context_media	original_name
context_media	caption
context_media	thumbnail_path
context_media	sort_order
context_media	uploaded_by
context_media	created_at
context_media	updated_at
context_participants	id
context_participants	owner_id
context_participants	context_id
context_participants	name
context_participants	company
context_participants	role
context_participants	notes
context_participants	converted_contact_id
context_participants	created_at
context_participants	updated_at
context_types	id
context_types	name
context_types	slug
context_types	icon_name
context_types	color_token
context_types	sort_order
context_types	is_active
context_types	created_at
context_types	updated_at
deal_rooms	id
deal_rooms	opportunityId
deal_rooms	ownerId
deal_rooms	interestedId
deal_rooms	status
deal_rooms	ndaAcceptedByOwner
deal_rooms	ndaAcceptedByOwnerAt
deal_rooms	ndaAcceptedByInterested
deal_rooms	ndaAcceptedByInterestedAt
deal_rooms	interestMessage
deal_rooms	createdAt
deal_rooms	updatedAt
deal_room_documents	id
deal_room_documents	dealRoomId
deal_room_documents	uploadedBy
deal_room_documents	name
deal_room_documents	fileKey
deal_room_documents	url
deal_room_documents	mimeType
deal_room_documents	sizeBytes
deal_room_documents	createdAt
deal_room_messages	id
deal_room_messages	dealRoomId
deal_room_messages	senderId
deal_room_messages	content
deal_room_messages	isRead
deal_room_messages	createdAt
direct_messages	id
direct_messages	senderId
direct_messages	recipientId
direct_messages	content
direct_messages	isRead
direct_messages	createdAt
document_versions	id
document_versions	type
document_versions	version
document_versions	text
document_versions	publishedAt
document_versions	isCurrent
document_versions	currentType
enrichment_messages	id
enrichment_messages	session_id
enrichment_messages	owner_id
enrichment_messages	role
enrichment_messages	content
enrichment_messages	metadata
enrichment_messages	token_count
enrichment_messages	created_at
enrichment_messages	updated_at
enrichment_sessions	id
enrichment_sessions	owner_id
enrichment_sessions	contact_id
enrichment_sessions	status
enrichment_sessions	questions_answered
enrichment_sessions	questions_skipped
enrichment_sessions	summary
enrichment_sessions	last_activity_at
enrichment_sessions	completed_at
enrichment_sessions	created_at
enrichment_sessions	updated_at
enrichment_suggestions	id
enrichment_suggestions	session_id
enrichment_suggestions	message_id
enrichment_suggestions	owner_id
enrichment_suggestions	contact_id
enrichment_suggestions	field_type
enrichment_suggestions	suggested_value
enrichment_suggestions	applied_value
enrichment_suggestions	tag_id
enrichment_suggestions	tag_is_new
enrichment_suggestions	confidence
enrichment_suggestions	status
enrichment_suggestions	actioned_at
enrichment_suggestions	actioned_by
enrichment_suggestions	created_at
enrichment_suggestions	updated_at
gold_access_grants	id
gold_access_grants	userId
gold_access_grants	grantedBy
gold_access_grants	grantedAt
gold_access_grants	expiresAt
gold_access_grants	reason
gold_access_grants	isActive
gold_access_grants	grantedTo
gold_access_grants	revokedAt
gold_access_grants	revokedBy
gold_access_grants	revokeReason
gold_access_grants	createdAt
login_attempts	id
login_attempts	identifier
login_attempts	ipAddress
login_attempts	success
login_attempts	blockedUntil
login_attempts	attemptCount
login_attempts	createdAt
login_attempts	updatedAt
matches	id
matches	userId
matches	matchedUserId
matches	matchedOpportunityId
matches	overallScore
matches	specialtyScore
matches	objectivesScore
matches	incomeScore
matches	locationScore
matches	valuesScore
matches	aiInsight
matches	aiGeneratedAt
matches	userSeen
matches	userDismissed
matches	createdAt
matches	updatedAt
meetings	id
meetings	owner_id
meetings	title
meetings	contact_id
meetings	context_id
meetings	status
meetings	consent_granted
meetings	consent_at
meetings	language
meetings	processing_error
meetings	created_at
meetings	updated_at
meeting_contact_suggestions	id
meeting_contact_suggestions	meeting_id
meeting_contact_suggestions	owner_id
meeting_contact_suggestions	existing_contact_id
meeting_contact_suggestions	full_name
meeting_contact_suggestions	job_title
meeting_contact_suggestions	company
meeting_contact_suggestions	phone
meeting_contact_suggestions	email
meeting_contact_suggestions	source_entity_ids
meeting_contact_suggestions	confidence
meeting_contact_suggestions	status
meeting_contact_suggestions	created_at
meeting_contact_suggestions	updated_at
meeting_entities	id
meeting_entities	meeting_id
meeting_entities	owner_id
meeting_entities	entity_type
meeting_entities	value
meeting_entities	normalized_value
meeting_entities	confidence
meeting_entities	status
meeting_entities	created_at
meeting_entities	updated_at
meeting_recordings	id
meeting_recordings	meeting_id
meeting_recordings	owner_id
meeting_recordings	storage_key
meeting_recordings	storage_url
meeting_recordings	mime_type
meeting_recordings	size_bytes
meeting_recordings	duration_seconds
meeting_recordings	expires_at
meeting_recordings	created_at
meeting_transcripts	id
meeting_transcripts	meeting_id
meeting_transcripts	owner_id
meeting_transcripts	transcript
meeting_transcripts	segments
meeting_transcripts	language
meeting_transcripts	duration_seconds
meeting_transcripts	created_at
meeting_transcripts	updated_at
meeting_transcript_translations	id
meeting_transcript_translations	meeting_id
meeting_transcript_translations	owner_id
meeting_transcript_translations	language
meeting_transcript_translations	translated_text
meeting_transcript_translations	created_at
meeting_transcript_translations	updated_at
memory_documents	id
memory_documents	owner_id
memory_documents	source_type
memory_documents	source_id
memory_documents	title
memory_documents	content
memory_documents	metadata
memory_documents	embedding
memory_documents	content_hash
memory_documents	indexed_at
memory_documents	created_at
memory_documents	updated_at
messages	id
messages	connectionId
messages	senderId
messages	encryptedContent
messages	contentHash
messages	isRead
messages	readAt
messages	deletedBySender
messages	deletedByRecipient
messages	createdAt
national_leaders	id
national_leaders	userId
national_leaders	nominatedBy
national_leaders	region
national_leaders	specialty
national_leaders	isActive
national_leaders	revokedAt
national_leaders	revokedBy
national_leaders	revokeReason
national_leaders	createdAt
opportunities	id
opportunities	publishedBy
opportunities	title
opportunities	description
opportunities	type
opportunities	sector
opportunities	country
opportunities	region
opportunities	tags
opportunities	frauenTrustScore
opportunities	complianceLevel
opportunities	complianceExplanation
opportunities	suggestedDocuments
opportunities	lastComplianceAt
opportunities	isConfidential
opportunities	status
opportunities	moderatedBy
opportunities	moderationNote
opportunities	moderatedAt
opportunities	viewCount
opportunities	interestCount
opportunities	expiresAt
opportunities	createdAt
opportunities	updatedAt
opportunities_legacy	id
opportunities_legacy	creatorId
opportunities_legacy	title
opportunities_legacy	description
opportunities_legacy	type
opportunities_legacy	sector
opportunities_legacy	requiredSpecialties
opportunities_legacy	location
opportunities_legacy	isRemote
opportunities_legacy	budgetRange
opportunities_legacy	status
opportunities_legacy	expiresAt
opportunities_legacy	viewCount
opportunities_legacy	interestCount
opportunities_legacy	createdAt
opportunities_legacy	updatedAt
opportunity_documents	id
opportunity_documents	opportunityId
opportunity_documents	uploadedBy
opportunity_documents	name
opportunity_documents	fileKey
opportunity_documents	url
opportunity_documents	mimeType
opportunity_documents	sizeBytes
opportunity_documents	createdAt
opportunity_documents	isConfidential
opportunity_interests	id
opportunity_interests	opportunityId
opportunity_interests	userId
opportunity_interests	message
opportunity_interests	status
opportunity_interests	createdAt
opportunity_matches	id
opportunity_matches	opportunityId
opportunity_matches	userId
opportunity_matches	score
opportunity_matches	aiInsight
opportunity_matches	createdAt
password_reset_requests	id
password_reset_requests	ip_address
password_reset_requests	created_at
password_reset_tokens	id
password_reset_tokens	userId
password_reset_tokens	token
password_reset_tokens	expiresAt
password_reset_tokens	usedAt
password_reset_tokens	createdAt
platform_notifications	id
platform_notifications	userId
platform_notifications	type
platform_notifications	title
platform_notifications	body
platform_notifications	actionUrl
platform_notifications	relatedUserId
platform_notifications	relatedOpportunityId
platform_notifications	isRead
platform_notifications	readAt
platform_notifications	createdAt
president_validations	id
president_validations	opportunityId
president_validations	validatedBy
president_validations	status
president_validations	note
president_validations	createdAt
private_contacts	id
private_contacts	ownerId
private_contacts	fullName
private_contacts	photoUrl
private_contacts	jobTitle
private_contacts	company
private_contacts	country
private_contacts	state
private_contacts	city
private_contacts	phone
private_contacts	whatsapp
private_contacts	email
private_contacts	linkedinUrl
private_contacts	instagram
private_contacts	profileTags
private_contacts	cardImageUrl
private_contacts	cardOcrText
private_contacts	notes
private_contacts	createdAt
private_contacts	updatedAt
private_contacts	enrichment_status
saved_opportunities	id
saved_opportunities	userId
saved_opportunities	opportunityId
saved_opportunities	createdAt
security_events	id
security_events	userId
security_events	eventType
security_events	severity
security_events	ipAddress
security_events	details
security_events	resolved
security_events	resolvedAt
security_events	resolvedBy
security_events	createdAt
security_notifications	id
security_notifications	userId
security_notifications	title
security_notifications	message
security_notifications	type
security_notifications	isRead
security_notifications	readAt
security_notifications	createdAt
sessions	id
sessions	sessionToken
sessions	userId
sessions	ipAddress
sessions	userAgent
sessions	deviceFingerprint
sessions	isTrustedDevice
sessions	isActive
sessions	expiresAt
sessions	lastActivityAt
sessions	createdAt
sivc_checks	id
sivc_checks	verificationId
sivc_checks	module
sivc_checks	field
sivc_checks	declaredValue
sivc_checks	verifiedValue
sivc_checks	source
sivc_checks	status
sivc_checks	confidenceScore
sivc_checks	weight
sivc_checks	isMandatory
sivc_checks	auditLog
sivc_checks	createdAt
sivc_checks	updatedAt
sivc_consents	id
sivc_consents	userId
sivc_consents	consentType
sivc_consents	grantedAt
sivc_consents	revokedAt
sivc_consents	ipAddress
sivc_consents	userAgent
sivc_consents	payloadJson
sivc_documents	id
sivc_documents	verificationId
sivc_documents	userId
sivc_documents	module
sivc_documents	docType
sivc_documents	fileKey
sivc_documents	url
sivc_documents	mimeType
sivc_documents	sizeBytes
sivc_documents	ocrStatus
sivc_documents	ocrText
sivc_documents	extractedData
sivc_documents	confidenceScore
sivc_documents	createdAt
sivc_verifications	id
sivc_verifications	userId
sivc_verifications	status
sivc_verifications	level
sivc_verifications	overallScore
sivc_verifications	mandatoryPassed
sivc_verifications	reportJson
sivc_verifications	consentGrantedAt
sivc_verifications	createdAt
sivc_verifications	completedAt
strategic_groups	id
strategic_groups	name
strategic_groups	description
strategic_groups	createdBy
strategic_groups	isPrivate
strategic_groups	createdAt
trusted_devices	id
trusted_devices	userId
trusted_devices	deviceName
trusted_devices	deviceFingerprint
trusted_devices	userAgent
trusted_devices	ipAddress
trusted_devices	isActive
trusted_devices	lastUsedAt
trusted_devices	createdAt
users	id
users	openId
users	name
users	email
users	loginMethod
users	role
users	isActive
users	isVerified
users	createdAt
users	updatedAt
users	lastSignedIn
users	onboardingCompleted
users	passwordHash
users	emailVerified
users	country
users	company
users	position
users	presidentRegion
users	goldGrantedAt
users	goldGrantedBy
user_profiles	id
user_profiles	userId
user_profiles	displayName
user_profiles	age
user_profiles	city
user_profiles	country
user_profiles	avatarUrl
user_profiles	bio
user_profiles	gender
user_profiles	primarySpecialty
user_profiles	secondarySpecialties
user_profiles	experienceYears
user_profiles	educationLevel
user_profiles	currentRole
user_profiles	currentCompany
user_profiles	sector
user_profiles	seekingTypes
user_profiles	businessInterests
user_profiles	preferredCompanySize
user_profiles	openToRemote
user_profiles	availableForTravel
user_profiles	incomeRange
user_profiles	investmentCapacity
user_profiles	lookingForInvestment
user_profiles	investmentAmountSeeking
user_profiles	workStyle
user_profiles	languages
user_profiles	values
user_profiles	encryptedSensitiveData
user_profiles	profileCompleteness
user_profiles	lastAiAnalysisAt
user_profiles	createdAt
user_profiles	updatedAt
user_profiles	sectors
user_profiles	linkedinUrl
user_profiles	websiteUrl
user_profiles	company
user_profiles	personType
user_profiles	companySize
user_profiles	companyCnpj
user_profiles	jobTitle
user_profiles	activityArea
user_profiles	interestSectors
user_profiles	institutionalNetwork
user_profiles	currentResources
user_profiles	whatIHave
user_profiles	whatINeed
user_vault	id
user_vault	userId
user_vault	encryptedData
user_vault	dataHash
user_vault	profileCompleteness
user_vault	capitalSocialScore
user_vault	badges
user_vault	specialties
user_vault	country
user_vault	city
user_vault	createdAt
user_vault	updatedAt
_migracoes	tag
_migracoes	aplicada_em
__drizzle_migrations	id
__drizzle_migrations	hash
__drizzle_migrations	created_at
